Season,Cultivar,Repetition,PH,IFP,NLP,NGP,NGL,NS,MHG,GY,Maturation group,Seeds per meter/linear,Density per meter/linear
0,VOIS_ML2024,0.0,0.3704449152542373,0.4796875,0.3692607003891051,0.3459888800635425,0.5717532467532467,0.516860465116279,0.3944456937261075,0.5631064311554145,0.6580357142857143,0.4420168067226891,0.43886554621848733
0,VOIS_ML2024,0.3333333333333333,0.41853813559322034,0.47890625,0.3475194552529183,0.3278991262907069,0.5936147186147187,0.5156976744186046,0.38945918596806833,0.5682364222809919,0.6580357142857143,0.4420168067226891,0.43886554621848733
0,VOIS_ML2024,0.6666666666666666,0.3795550847457627,0.4921875,0.3853112840466927,0.3678316123907863,0.5767316017316018,0.508139534883721,0.3910136046773105,0.5465351424182654,0.6580357142857143,0.4420168067226891,0.43886554621848733
0,VOIS_ML2024,1.0,0.38951800847457624,0.48359375,0.36736624513618676,0.3472398729150119,0.5885281385281385,0.513546511627907,0.40946705644254555,0.5513090510264552,0.6580357142857143,0.4420168067226891,0.43886554621848733
1,VOIS_ML2024,0.0,0.49184322033898303,0.36484375,0.396352140077821,0.35067513899920566,0.5739177489177489,0.3430232558139535,0.5273611423431527,0.5445307368203033,0.6580357142857143,0.4420168067226891,0.43886554621848733
1,VOIS_ML2024,0.3333333333333333,0.49682203389830504,0.3911458333333333,0.39066147859922173,0.31463463065925334,0.5375541125541126,0.336046511627907,0.5337615246233416,0.5532786021162991,0.6580357142857143,0.4420168067226891,0.43886554621848733
1,VOIS_ML2024,0.6666666666666666,0.4851694915254237,0.37604166666666666,0.3806420233463035,0.29622716441620334,0.48398268398268396,0.3418604651162791,0.5373622666966493,0.5476076150505488,0.6580357142857143,0.4420168067226891,0.43886554621848733
1,VOIS_ML2024,1.0,0.4912923728813559,0.37734375,0.38921449416342413,0.3460554011119936,0.5353896103896104,0.34031976744186043,0.5286035529570496,0.560422652884777,0.6580357142857143,0.4420168067226891,0.43886554621848733
